name,age,nationality
Sheila-Kathryn Townie,30,Tokelau
Lisk Woodruff,27,Bouvet Island
Azarria Caison,23,United Kingdom of Great Britain and Northern Ireland
Hachmann Zinkie,28,Liberia
Murial Bolitho,25,Iran
Pickford Sinoyannis,28,Dominican Republic
Ahron Bertina,26,Macao
Leny Perni,27,Western Sahara
Volotta Hamlett,24,Togo
Mickey Gaw,29,Guinea-Bissau
Lyudmila Jablonski,29,Yemen
Deron Alpert,24,Rwanda
Potash Brighton,20,Republic of North Macedonia
Natalia ToDo,28,Sierra Leone
Pavlov Marschewaki,28,Mexico
Jun Bassil,27,Saint Vincent and the Grenadines
Charlott Bilton,29,France
Runkel Silverstone,30,Seychelles
Alaric Stars,26,Zambia
Kentiggerma Norvin,21,Bhutan
Call Jannery,24,Saint Pierre and Miquelon
Sandrine Teresina,21,Malawi
Scoville Drewes,26,New Caledonia
Keheley Woodley,21,American Samoa
Katsumi Idolah,27,New Caledonia
Alix Gualtiero,27,Netherlands
Penthea Formica,26,American Samoa
Bedelia Shewmaker,21,Pitcairn
Maryanna Gensler,20,Antarctica
Link Kaitlin,27,Guyana
Ramniklal Boroski,30,India
Chau Balcer,28,Poland
Varini Peyton,20,Western Sahara
Klemens Shirey,23,Saint Lucia
Hauck Presber,24,Belize
Canter Pintwala,20,Jamaica
Lucian Pitcairn,26,Equatorial Guinea
Schoof Velasquez,23,Taiwan
Yaeger MacInnis,26,Nicaragua
Dorette Adimari,30,Aruba
Hoekstra ATRC,24,Finland
Cassella Kara,23,Tokelau
Merriam Deryl,22,France
Merrill Wallack,22,Lesotho
Rodd Sohota,24,Andorra
Benenson Corrie,20,Aruba
Dasteel DiFalco,21,Paraguay
Goulet Brackin,21,Mayotte
Ferrell Grube,21,Saint Vincent and the Grenadines
Hyman Lindeberg,24,Cambodia
Weinman Marne,25,French Guiana
Codding Chemarin,28,Yemen
Gurango Brousseau,27,United Republic of Tanzania
Gervais Engedus,28,Bhutan
Thang Glenden,26,Andorra
Nyhagen Babcock,30,Dominican Republic
Hildegarde Keldon,28,Madagascar
Bernadina Badger,20,Romania
Hana Winola,30,South Sudan
Kirwin Rupert,26,Myanmar
Ashling Farmann,26,Malaysia
Lauren Lacey,21,Virgin Islands (British)
Mollie Lindsy,24,Mali
Joete Bland,28,Seychelles
Reifel Granny,27,Bermuda
Alsworth Dixie,25,Mauritius
Zeus Aylmar,29,French Guiana
Issi Fraase,26,Belgium
Folly Rocky,23,China
Gurl Donlon,22,Turkey
Tamera Barthol,21,Zimbabwe
Gard Cohlette,26,Saint Martin
Ozay Sikri,25,Burkina Faso
Horwath Dianna,26,Antarctica
Cummine Ibby,25,Mongolia
Breanne Laine,24,Gabon
Sewole Orlando,25,Sao Tome and Principe
Apgar Rae,20,Burkina Faso
Amitie Wolpert,24,Uzbekistan
Pavyer Carlynn,22,Guinea-Bissau
Maryvonne Dugal,22,Chad
Annalyse Lebo,20,Dominican Republic
Greg Urbai,23,Tunisia
Imogene Fahy,30,Sudan
Eckblad Watson,23,Sao Tome and Principe
Golden Commons,22,Greece
Matt Konstantin,20,Tajikistan
Kohn Torbert,29,Angola
Purcell Julianne,27,Jamaica
Dolli Bronwen,22,Puerto Rico
Cinda Locken,23,Montenegro
Glaudia Yoshiko,29,Sudan
Beaufert Dinse,21,Papua New Guinea
Ul Berkman,20,Tokelau
Ches Thurmond,27,Netherlands
Longan Krueger,26,Kiribati
Verene Kallio,30,Svalbard and Jan Mayen
Zerelda Alika,20,Wallis and Futuna
Creighton Londhe,24,Liechtenstein
Metyn Thorman,21,Palestine
Nir Biamonte,22,Vanuatu
Valentijn Eitner,29,Malta
Selime Austin,27,Virgin Islands (British)
Ilyssa Ysabel,24,Finland
Karli Victory,27,Marshall Islands
Loydie Cricker,25,Georgia
Eldridge Lancelle,25,Sri Lanka
Najib Terle,30,Falkland Islands
Merrili Carlsen,29,South Africa
Loydie Maggie,30,Anguilla
Alwitt Radu,23,Belgium
Gaspar Xie,26,Armenia
Ide Tadeas,28,Grenada
Jammin Borrelli,26,Palestine
Taryna Joane,20,Macao
Cappello Seligman,23,Qatar
Neva Calen,24,Saudi Arabia
Tori Sabec,28,Holy See
Vladimir Picard,25,Saint Barthelemy
Azaleah Libbie,22,Poland
Trenna Koblitz,22,Kiribati
Washko Racicot,21,Ukraine
Huntlee Fenelia,20,Rwanda
Volkan Kenneth,27,Syrian Arab Republic
Alban Antinucci,26,Singapore
Dey Swann,26,El Salvador
Hilliard Bowerman,30,Aruba
Standush Sjerps,26,Myanmar
Velvet Brass,28,Uganda
Fernyak Eleanor,28,Morocco
Yancey Vigeant,30,Sri Lanka
Cohlier Ellett,22,Ethiopia
Phat Raouf,27,Switzerland
Franzen Merras,23,French Polynesia
Britni Moor,22,Jordan
Bradwell Nicosia,22,Svalbard and Jan Mayen
Lenny O Donovan,23,Kenya
Kan Mastat,25,Faroe Islands
Teddi Stefa,28,American Samoa
Hrinfo Wahlstrom,22,Guadeloupe
Brawley Flosi,26,Republic of Korea
Felske Valina,24,Canada
Rind Neiman,24,Kazakhstan
Ambrosia Mert,30,Somalia
Huguette Heisler,29,Afghanistan
Sapowith Glyn,24,Honduras
Kay Bredeck,30,Tunisia
Akihiko Luzine,27,Suriname
Knorring Jahn,23,Taiwan
Lonny Maure,28,Mozambique
Utta Boy,30,Congo
Riyad Nica,20,Burkina Faso
Fergus Kinata,25,Peru
Barta Benedikta,27,"Saint Helena, Ascension and Tristan da Cunha"
Salim Cathie,27,Djibouti
Tol Jabon,24,Canada
Kimberley Lattimer,21,Samoa
Gilbye Kerrill,28,Pakistan
Merideth Ez,22,Pitcairn
Eldreda Lawry,20,Gambia
Mellette Fortunna,30,Niue
Geiger Lenna,25,Syrian Arab Republic
Perrine Ahearn,21,Guam
Daggna Flindall,24,Pitcairn
Brufsky Serber,26,Argentina
Webber Grieve,28,United Arab Emirates
Vinod Nahshun,27,Burkina Faso
Amandi Amara,29,Saint Barthelemy
Rawden Tibbetts,29,Poland
Sher Dickford,24,Canada
Alic Vandenberg,22,Libya
Derby Lauer,24,Aruba
Rolandson Sparke,22,Italy
Wai Poland,26,Kiribati
Bruyn Borel,21,Austria
Nhut Thorr,21,Turkmenistan
Laverna Dansereau,28,Guernsey
Weiser Halliwill,28,Ukraine
Demmy Perina,20,Panama
Brannon Kailey,26,Austria
Napier Farkas,29,Mozambique
Harte Kalfas,24,Iceland
Stier Florin,30,Liberia
Caia Tonkovich,28,Guyana
Estelle Ronaldson,30,"Saint Helena, Ascension and Tristan da Cunha"
Streeter Deery,30,Mali
Erikson Herzen,29,Equatorial Guinea
Brookhouse Adelind,26,Zambia
Lissa Haukom,29,Uganda
Randie Downe,27,Ecuador
Emelia Bella,21,Equatorial Guinea
Mfgeng Favien,24,Guam
Belding Linback,22,Poland
Edgell Tymothy,30,Pakistan
Marilyn Johansen,22,Turkey
Lusty Goddard,28,Oman
Patching Schatzberg,29,South Georgia and the South Sandwich Islands
Kroo Bowens,22,Austria
Deach Piqueras,30,Djibouti
Eliot Loux,20,Malta
